{
    "profile": "tabular-data-package",
    "resources": [
        {
            "profile": "tabular-data-resource",
            "encoding": "utf-8",
            "schema": {
                "fields": [
                    {
                        "name": "District",
                        "type": "string",
                        "format": "default",
                        "title": "District",
                        "description": "District Name",
                        "constraints": {
                            "required": true
                        }
                    },
                    {
                        "name": "Local government",
                        "type": "string",
                        "format": "default",
                        "title": "Local Government(s)",
                        "description": "Local Government Name(s)",
                        "constraints": {
                            "required": true
                        }
                    },
                    {
                        "name": "Project number",
                        "type": "integer",
                        "format": "default",
                        "title": "Project Number"
                    },
                    {
                        "name": "Location",
                        "type": "string",
                        "format": "default",
                        "title": "Location"
                    },
                    {
                        "name": "Project description",
                        "type": "string",
                        "format": "default",
                        "title": "Project Description"
                    },
                    {
                        "name": "Approximate contract value ($m)",
                        "type": "number",
                        "format": "default"
                    },
                    {
                        "name": "Approximate quarter to be called",
                        "type": "string",
                        "format": "default"
                    },
                    {
                        "name": "Comment",
                        "type": "string",
                        "format": "default"
                    }
                ],
                "missingValues": [
                    ""
                ]
            },
            "format": "csv",
            "mediatype": "text/csv",
            "dialect": {
                "delimiter": ",",
                "quoteChar": "\"",
                "header": true,
                "doubleQuote": true,
                "lineTerminator": "\r\n",
                "escapeChar": "\\",
                "skipInitialSpace": true,
                "caseSensitiveHeader": false
            },
            "licenses": [
                {
                    "name": "CC-BY-4.0",
                    "title": "Creative Commons Attribution 4.0",
                    "path": "https://creativecommons.org/licenses/by/4.0/"
                }
            ],
            "name": "works-to-tender-20180101-20181231",
            "title": "Works to tender—1 January 2018 to 31 December 2018",
            "sources": [
                {
                    "title": "Works to tender—1 January 2018 to 31 December 2018",
                    "path": "https://data.qld.gov.au/dataset/competitive-works-to-tender-department-of-transport-and-main-roads/resource/17905c5d-f019-4ae3-838c-8c9c489bc125",
                    "email": ""
                }
            ],
            "path": "data/Proposed-Major-Works-to-Competitive-Tender_1-February-2018-to-31-Jan-2019 (1).csv"
        }
    ],
    "licenses": [
        {
            "name": "CC-BY-4.0",
            "title": "Creative Commons Attribution 4.0",
            "path": "https://creativecommons.org/licenses/by/4.0/"
        }
    ],
    "name": "contracts",
    "version": "0.1.0",
    "sources": [
        {
            "title": "Works to tender—1 January 2018 to 31 December 2018",
            "path": "https://data.qld.gov.au/dataset/competitive-works-to-tender-department-of-transport-and-main-roads/resource/17905c5d-f019-4ae3-838c-8c9c489bc125",
            "email": ""
        }
    ],
    "title": "Works to tender—1 January 2018 to 31 December 2018"
}